[Header],,,,,
EMFileVersion,4,,,,
[Reads],,,,,
67,,,,,
55,,,,,
,,,,,
[Data],,,,,
Lane,Sample_ID,Sample_Name,index,index2,Sample_Project
,DB_pep42-Gblock_His-GRP78_Input_rep1,DB_pep42-Gblock_His-GRP78_Input_rep1,TTATTCGA,AGCAGGAC,CDP
,DB_pep42-Pool_His-GRP78_Input_rep1,DB_pep42-Pool_His-GRP78_Input_rep1,ATGGAGGG,AATGGGTT,CDP
,DB_pep42-Pool_His-GRP78_Input_rep2,DB_pep42-Pool_His-GRP78_Input_rep2,ACCAGACA,CCTAGTTC,CDP
,DB_pep42-Pool_His-GRP78_Input_rep3,DB_pep42-Pool_His-GRP78_Input_rep3,AACCACGC,TAACCTGA,CDP
,DB_pep42-Pool_Biotin-Albumin_Input_rep1,DB_pep42-Pool_Biotin-Albumin_Input_rep1,CGCGGTAG,CAACATCC,CDP
,DB_pep42-Pool_Biotin-Albumin_Input_rep2,DB_pep42-Pool_Biotin-Albumin_Input_rep2,TTGAGAGT,CTACCAGG,CDP
,DB_pep42-Pool_Biotin-Albumin_Input_rep3,DB_pep42-Pool_Biotin-Albumin_Input_rep3,GTCCTTCG,CTGTGCAT,CDP
,DB_Rh01d4_His-GRP78_Input_rep1,DB_Rh01d4_His-GRP78_Input_rep1,GAGCAAGG,CCAAGTCA,CDP
,DB_pep42-Gblock_His-GRP78_Panned_rep1,DB_pep42-Gblock_His-GRP78_Panned_rep1,ACAATGTG,TAACGGTA,CDP
,DB_pep42-Pool_His-GRP78_Panned_rep1,DB_pep42-Pool_His-GRP78_Panned_rep1,TAGCATAG,GACAGAGC,CDP
,DB_pep42-Pool_His-GRP78_Panned_rep2,DB_pep42-Pool_His-GRP78_Panned_rep2,CCCGTTCT,CCAATCCG,CDP
,DB_pep42-Pool_His-GRP78_Panned_rep3,DB_pep42-Pool_His-GRP78_Panned_rep3,AGTTTCCT,CTGTGTGG,CDP
,DB_pep42-Pool_Biotin-Albumin_Panned_rep1,DB_pep42-Pool_Biotin-Albumin_Panned_rep1,AGCAAGAA,AGAAACAC,CDP
,DB_pep42-Pool_Biotin-Albumin_Panned_rep2,DB_pep42-Pool_Biotin-Albumin_Panned_rep2,CCTATCCT,GTTAGTAT,CDP
,DB_pep42-Pool_Biotin-Albumin_Panned_rep3,DB_pep42-Pool_Biotin-Albumin_Panned_rep3,ACCTCGAG,ATCGAACA,CDP
,DB_Rh01d4_His-GRP78_Panned_rep1,DB_Rh01d4_His-GRP78_Panned_rep1,ATAAGGAT,CCCTATCT,CDP
,TURBO_Brain_bat2_TMZ_GEX_PLT1,TURBO_Brain_bat2_TMZ_GEX_PLT1,GCGGGTAA,CTTAGTGC,TIRE
,TURBO_Brain_bat2_TMZ_GEX_PLT2,TURBO_Brain_bat2_TMZ_GEX_PLT2,GTCCCATC,GTCACGTT,TIRE