Num,Well,Primer_ID,Well_BC,Plate,Date,Input,Researcher,Cell_Line,Drug,Dose_M,Day_Exposure,Replicate,Species,Plate_ID,Plate_Seq,Sample_BC
1,A1,TurboSSS_DS8-A1,CTTGATCGCG,One,240708,GEX,DB,NIH3T3,None,0,0,1,Mouse,SI-TT-G6,GCGGGTAA,GCGGGTAACTTGATCGCG
2,A2,TurboSSS_DS21-A2,ACAGTAGCTC,One,240708,GEX,DB,NIH3T3,None,0,0,2,Mouse,SI-TT-G6,GCGGGTAA,GCGGGTAAACAGTAGCTC
3,A3,TurboSSS_DS24-A3,GTTCTGTCGT,One,240708,GEX,DB,NIH3T3,None,0,0,3,Mouse,SI-TT-G6,GCGGGTAA,GCGGGTAAGTTCTGTCGT
4,A4,TurboSSS_DS25-A4,CGTCAATAGT,One,240708,GEX,ZM,GL0038,TMZ,0.0000001,2,1,Human,SI-TT-G6,GCGGGTAA,GCGGGTAACGTCAATAGT
5,A5,TurboSSS_DS27-A5,CCGTATGTAG,One,240708,GEX,ZM,GL0038,TMZ,0.0000001,2,2,Human,SI-TT-G6,GCGGGTAA,GCGGGTAACCGTATGTAG
6,A6,TurboSSS_DS28-A6,GGAAAGATAC,One,240708,GEX,ZM,GL0038,TMZ,0.0000001,2,3,Human,SI-TT-G6,GCGGGTAA,GCGGGTAAGGAAAGATAC
7,A7,TurboSSS_DS33-A7,GAACTACGAA,One,240708,GEX,ZM,GL0038,TMZ,0.0001,3,1,Human,SI-TT-G6,GCGGGTAA,GCGGGTAAGAACTACGAA
8,A8,TurboSSS_DS36-A8,GGAAACTCCA,One,240708,GEX,ZM,GL0038,TMZ,0.0001,3,2,Human,SI-TT-G6,GCGGGTAA,GCGGGTAAGGAAACTCCA
9,A9,TurboSSS_DS37-A9,GGATAGTGAG,One,240708,GEX,ZM,GL0038,TMZ,0.0001,3,3,Human,SI-TT-G6,GCGGGTAA,GCGGGTAAGGATAGTGAG
10,A10,TurboSSS_DS40-A10,AGACGCATCG,One,240708,GEX,ZM,GL0038,TMZ,0.000001,5,1,Human,SI-TT-G6,GCGGGTAA,GCGGGTAAAGACGCATCG
11,A11,TurboSSS_DS41-A11,TGATTTCGTG,One,240708,GEX,ZM,GL0038,TMZ,0.000001,5,2,Human,SI-TT-G6,GCGGGTAA,GCGGGTAATGATTTCGTG
12,A12,TurboSSS_DS44-A12,TTAAGTGACG,One,240708,GEX,ZM,GL0038,TMZ,0.000001,5,3,Human,SI-TT-G6,GCGGGTAA,GCGGGTAATTAAGTGACG
13,B1,TurboSSS_DS51-B1,GACGATAGAG,One,240708,GEX,DB,HEK293T,None,0,0,1,Human,SI-TT-G6,GCGGGTAA,GCGGGTAAGACGATAGAG
14,B2,TurboSSS_DS54-B2,TTTGTTGTGA,One,240708,GEX,DB,HEK293T,None,0,0,2,Human,SI-TT-G6,GCGGGTAA,GCGGGTAATTTGTTGTGA
15,B3,TurboSSS_DS58-B3,AGTGACAGCG,One,240708,GEX,DB,HEK293T,None,0,0,3,Human,SI-TT-G6,GCGGGTAA,GCGGGTAAAGTGACAGCG
16,B4,TurboSSS_DS59-B4,GGACGAATTA,One,240708,GEX,ZM,GL0038,TMZ,0.0000001,2,1,Human,SI-TT-G6,GCGGGTAA,GCGGGTAAGGACGAATTA
17,B5,TurboSSS_DS65-B5,GAGCATATTC,One,240708,GEX,ZM,GL0038,TMZ,0.0000001,2,2,Human,SI-TT-G6,GCGGGTAA,GCGGGTAAGAGCATATTC
18,B6,TurboSSS_DS69-B6,GGAGTGACTT,One,240708,GEX,ZM,GL0038,TMZ,0.0000001,2,3,Human,SI-TT-G6,GCGGGTAA,GCGGGTAAGGAGTGACTT
19,B7,TurboSSS_DS70-B7,GACCAGCTAT,One,240708,GEX,ZM,GL0157,None,0,4,1,Human,SI-TT-G6,GCGGGTAA,GCGGGTAAGACCAGCTAT
20,B8,TurboSSS_DS74-B8,TTCATGCGAT,One,240708,GEX,ZM,GL0157,None,0,4,2,Human,SI-TT-G6,GCGGGTAA,GCGGGTAATTCATGCGAT
21,B9,TurboSSS_DS75-B9,CACACTAGCG,One,240708,GEX,ZM,GL0157,None,0,4,3,Human,SI-TT-G6,GCGGGTAA,GCGGGTAACACACTAGCG
22,B10,TurboSSS_DS76-B10,ACACCCGTCA,One,240708,GEX,ZM,GL0038,TMZ,0.000001,5,1,Human,SI-TT-G6,GCGGGTAA,GCGGGTAAACACCCGTCA
23,B11,TurboSSS_DS81-B11,TGTGTGTGTC,One,240708,GEX,ZM,GL0038,TMZ,0.000001,5,2,Human,SI-TT-G6,GCGGGTAA,GCGGGTAATGTGTGTGTC
24,B12,TurboSSS_DS82-B12,GGGATCATTG,One,240708,GEX,ZM,GL0038,TMZ,0.000001,5,3,Human,SI-TT-G6,GCGGGTAA,GCGGGTAAGGGATCATTG
25,C1,TurboSSS_DS83-C1,ATCAAGAACG,One,240708,GEX,ZM,GL0038,None,0,1,1,Human,SI-TT-G6,GCGGGTAA,GCGGGTAAATCAAGAACG
26,C2,TurboSSS_DS84-C2,TGAGCTTAGT,One,240708,GEX,ZM,GL0038,None,0,1,2,Human,SI-TT-G6,GCGGGTAA,GCGGGTAATGAGCTTAGT
27,C3,TurboSSS_DS85-C3,CCAAGACGTG,One,240708,GEX,ZM,GL0038,None,0,1,3,Human,SI-TT-G6,GCGGGTAA,GCGGGTAACCAAGACGTG
28,C4,TurboSSS_DS87-C4,GAGCCTTTGA,One,240708,GEX,ZM,GL0038,TMZ,0.00001,2,1,Human,SI-TT-G6,GCGGGTAA,GCGGGTAAGAGCCTTTGA
29,C5,TurboSSS_DS88-C5,ATCGCGTTGT,One,240708,GEX,ZM,GL0038,TMZ,0.00001,2,2,Human,SI-TT-G6,GCGGGTAA,GCGGGTAAATCGCGTTGT
30,C6,TurboSSS_DS94-C6,GATGACACGA,One,240708,GEX,ZM,GL0038,TMZ,0.00001,2,3,Human,SI-TT-G6,GCGGGTAA,GCGGGTAAGATGACACGA
31,C7,TurboSSS_DS97-C7,AACGAGCCTG,One,240708,GEX,ZM,GL0157,TMZ,0.0000001,4,1,Human,SI-TT-G6,GCGGGTAA,GCGGGTAAAACGAGCCTG
32,C8,TurboSSS_DS98-C8,CTACATGTCG,One,240708,GEX,ZM,GL0157,TMZ,0.0000001,4,2,Human,SI-TT-G6,GCGGGTAA,GCGGGTAACTACATGTCG
33,C9,TurboSSS_DS107-C9,GAAGTTCCGT,One,240708,GEX,ZM,GL0157,TMZ,0.0000001,4,3,Human,SI-TT-G6,GCGGGTAA,GCGGGTAAGAAGTTCCGT
34,C10,TurboSSS_DS108-C10,TAGAGATCCG,One,240708,GEX,ZM,GL0038,TMZ,0.0001,5,1,Human,SI-TT-G6,GCGGGTAA,GCGGGTAATAGAGATCCG
35,C11,TurboSSS_DS109-C11,AGTTCCGTGA,One,240708,GEX,ZM,GL0038,TMZ,0.0001,5,2,Human,SI-TT-G6,GCGGGTAA,GCGGGTAAAGTTCCGTGA
36,C12,TurboSSS_DS131-C12,CTCGTCTCTC,One,240708,GEX,ZM,GL0038,TMZ,0.0001,5,3,Human,SI-TT-G6,GCGGGTAA,GCGGGTAACTCGTCTCTC
37,D1,TurboSSS_DS137-D1,TAGCTCGTTG,One,240708,GEX,ZM,GL0038,TMZ,0.0000001,1,1,Human,SI-TT-G6,GCGGGTAA,GCGGGTAATAGCTCGTTG
38,D2,TurboSSS_DS138-D2,AGCACGTTTA,One,240708,GEX,ZM,GL0038,TMZ,0.0000001,1,2,Human,SI-TT-G6,GCGGGTAA,GCGGGTAAAGCACGTTTA
39,D3,TurboSSS_DS139-D3,TTTCGACGTA,One,240708,GEX,ZM,GL0038,TMZ,0.0000001,1,3,Human,SI-TT-G6,GCGGGTAA,GCGGGTAATTTCGACGTA
40,D4,TurboSSS_DS140-D4,TGCACAGAGA,One,240708,GEX,ZM,GL0038,TMZ,0.0001,2,1,Human,SI-TT-G6,GCGGGTAA,GCGGGTAATGCACAGAGA
41,D5,TurboSSS_DS143-D5,AAAGTGTGTG,One,240708,GEX,ZM,GL0038,TMZ,0.0001,2,2,Human,SI-TT-G6,GCGGGTAA,GCGGGTAAAAAGTGTGTG
42,D6,TurboSSS_DS146-D6,AGAGTGCAAA,One,240708,GEX,ZM,GL0038,TMZ,0.0001,2,3,Human,SI-TT-G6,GCGGGTAA,GCGGGTAAAGAGTGCAAA
43,D7,TurboSSS_DS150-D7,ACCGACGTAA,One,240708,GEX,ZM,GL0157,TMZ,0.000001,4,1,Human,SI-TT-G6,GCGGGTAA,GCGGGTAAACCGACGTAA
44,D8,TurboSSS_DS152-D8,TAACCAGATC,One,240708,GEX,ZM,GL0157,TMZ,0.000001,4,2,Human,SI-TT-G6,GCGGGTAA,GCGGGTAATAACCAGATC
45,D9,TurboSSS_DS154-D9,ATGCAGTAGA,One,240708,GEX,ZM,GL0157,TMZ,0.000001,4,3,Human,SI-TT-G6,GCGGGTAA,GCGGGTAAATGCAGTAGA
46,D10,TurboSSS_DS160-D10,CGTTGAACTG,One,240708,GEX,ZM,GL0038,None,0,7,1,Human,SI-TT-G6,GCGGGTAA,GCGGGTAACGTTGAACTG
47,D11,TurboSSS_DS163-D11,TACCCGAGCA,One,240708,GEX,ZM,GL0038,None,0,7,2,Human,SI-TT-G6,GCGGGTAA,GCGGGTAATACCCGAGCA
48,D12,TurboSSS_DS185-D12,GAGAAGAACC,One,240708,GEX,ZM,GL0038,None,0,7,3,Human,SI-TT-G6,GCGGGTAA,GCGGGTAAGAGAAGAACC
49,E1,TurboSSS_DS187-E1,CTTAGTGTCC,One,240708,GEX,ZM,GL0038,TMZ,0.000001,1,1,Human,SI-TT-G6,GCGGGTAA,GCGGGTAACTTAGTGTCC
50,E2,TurboSSS_DS189-E2,GTTCGTACTC,One,240708,GEX,ZM,GL0038,TMZ,0.000001,1,2,Human,SI-TT-G6,GCGGGTAA,GCGGGTAAGTTCGTACTC
51,E3,TurboSSS_DS192-E3,TGCTTTGCGA,One,240708,GEX,ZM,GL0038,TMZ,0.000001,1,3,Human,SI-TT-G6,GCGGGTAA,GCGGGTAATGCTTTGCGA
52,E4,TurboSSS_DS194-E4,CGTCACTCTA,One,240708,GEX,ZM,GL0038,None,0,3,1,Human,SI-TT-G6,GCGGGTAA,GCGGGTAACGTCACTCTA
53,E5,TurboSSS_DS196-E5,TTCTAGCAAG,One,240708,GEX,ZM,GL0038,None,0,3,2,Human,SI-TT-G6,GCGGGTAA,GCGGGTAATTCTAGCAAG
54,E6,TurboSSS_DS197-E6,GGCCAATCAA,One,240708,GEX,ZM,GL0038,None,0,3,3,Human,SI-TT-G6,GCGGGTAA,GCGGGTAAGGCCAATCAA
55,E7,TurboSSS_DS207-E7,GTTTGCGTTC,One,240708,GEX,ZM,GL0157,TMZ,0.00001,5,1,Human,SI-TT-G6,GCGGGTAA,GCGGGTAAGTTTGCGTTC
56,E8,TurboSSS_DS216-E8,CTAGCCTCGA,One,240708,GEX,ZM,GL0157,TMZ,0.00001,5,2,Human,SI-TT-G6,GCGGGTAA,GCGGGTAACTAGCCTCGA
57,E9,TurboSSS_DS217-E9,GAAAGCAGTG,One,240708,GEX,ZM,GL0157,TMZ,0.00001,5,3,Human,SI-TT-G6,GCGGGTAA,GCGGGTAAGAAAGCAGTG
58,E10,TurboSSS_DS224-E10,GGACCGTTAA,One,240708,GEX,ZM,GL0038,TMZ,0.0000001,7,1,Human,SI-TT-G6,GCGGGTAA,GCGGGTAAGGACCGTTAA
59,E11,TurboSSS_DS227-E11,ACAAAGAGAG,One,240708,GEX,ZM,GL0038,TMZ,0.0000001,7,2,Human,SI-TT-G6,GCGGGTAA,GCGGGTAAACAAAGAGAG
60,E12,TurboSSS_DS236-E12,ATCAGCGCGA,One,240708,GEX,ZM,GL0038,TMZ,0.0000001,7,3,Human,SI-TT-G6,GCGGGTAA,GCGGGTAAATCAGCGCGA
61,F1,TurboSSS_DS239-F1,ATGTTGCACA,One,240708,GEX,ZM,GL0038,TMZ,0.00001,1,1,Human,SI-TT-G6,GCGGGTAA,GCGGGTAAATGTTGCACA
62,F2,TurboSSS_DS243-F2,CTGAAACGAG,One,240708,GEX,ZM,GL0038,TMZ,0.00001,1,2,Human,SI-TT-G6,GCGGGTAA,GCGGGTAACTGAAACGAG
63,F3,TurboSSS_DS246-F3,AAAGACTTCG,One,240708,GEX,ZM,GL0038,TMZ,0.00001,1,3,Human,SI-TT-G6,GCGGGTAA,GCGGGTAAAAAGACTTCG
64,F4,TurboSSS_DS247-F4,ACGTTTGATG,One,240708,GEX,ZM,GL0038,TMZ,0.0000001,3,1,Human,SI-TT-G6,GCGGGTAA,GCGGGTAAACGTTTGATG
65,F5,TurboSSS_DS250-F5,TGTAGTTGCG,One,240708,GEX,ZM,GL0038,TMZ,0.0000001,3,2,Human,SI-TT-G6,GCGGGTAA,GCGGGTAATGTAGTTGCG
66,F6,TurboSSS_DS261-F6,GAATCCTACA,One,240708,GEX,ZM,GL0038,TMZ,0.0000001,3,3,Human,SI-TT-G6,GCGGGTAA,GCGGGTAAGAATCCTACA
67,F7,TurboSSS_DS262-F7,ATGTCGCGTG,One,240708,GEX,ZM,GL0157,TMZ,0.0001,4,1,Human,SI-TT-G6,GCGGGTAA,GCGGGTAAATGTCGCGTG
68,F8,TurboSSS_DS264-F8,ACATCCATGT,One,240708,GEX,ZM,GL0157,TMZ,0.0001,4,2,Human,SI-TT-G6,GCGGGTAA,GCGGGTAAACATCCATGT
69,F9,TurboSSS_DS270-F9,TTGTCAGTGT,One,240708,GEX,ZM,GL0157,TMZ,0.0001,4,3,Human,SI-TT-G6,GCGGGTAA,GCGGGTAATTGTCAGTGT
70,F10,TurboSSS_DS271-F10,GTTAAACGTC,One,240708,GEX,ZM,GL0038,TMZ,0.000001,7,1,Human,SI-TT-G6,GCGGGTAA,GCGGGTAAGTTAAACGTC
71,F11,TurboSSS_DS272-F11,GCTTCGCTTT,One,240708,GEX,ZM,GL0038,TMZ,0.000001,7,2,Human,SI-TT-G6,GCGGGTAA,GCGGGTAAGCTTCGCTTT
72,F12,TurboSSS_DS273-F12,GATTGTAACC,One,240708,GEX,ZM,GL0038,TMZ,0.000001,7,3,Human,SI-TT-G6,GCGGGTAA,GCGGGTAAGATTGTAACC
73,G1,TurboSSS_DS276-G1,CAATTGTTCG,One,240708,GEX,ZM,GL0038,TMZ,0.0001,1,1,Human,SI-TT-G6,GCGGGTAA,GCGGGTAACAATTGTTCG
74,G2,TurboSSS_DS279-G2,AACGTCAGCC,One,240708,GEX,ZM,GL0038,TMZ,0.0001,1,2,Human,SI-TT-G6,GCGGGTAA,GCGGGTAAAACGTCAGCC
75,G3,TurboSSS_DS280-G3,CATGTACTTG,One,240708,GEX,ZM,GL0038,TMZ,0.0001,1,3,Human,SI-TT-G6,GCGGGTAA,GCGGGTAACATGTACTTG
76,G4,TurboSSS_DS288-G4,CCTCTGAGCA,One,240708,GEX,ZM,GL0038,TMZ,0.000001,3,1,Human,SI-TT-G6,GCGGGTAA,GCGGGTAACCTCTGAGCA
77,G5,TurboSSS_DS290-G5,GCCAACAGAA,One,240708,GEX,ZM,GL0038,TMZ,0.000001,3,2,Human,SI-TT-G6,GCGGGTAA,GCGGGTAAGCCAACAGAA
78,G6,TurboSSS_DS291-G6,TGACCACAAG,One,240708,GEX,ZM,GL0038,TMZ,0.000001,3,3,Human,SI-TT-G6,GCGGGTAA,GCGGGTAATGACCACAAG
79,G7,TurboSSS_DS292-G7,AAGATTTGCC,One,240708,GEX,ZM,GL0038,None,0,5,1,Human,SI-TT-G6,GCGGGTAA,GCGGGTAAAAGATTTGCC
80,G8,TurboSSS_DS293-G8,CTTTCGTGAC,One,240708,GEX,ZM,GL0038,None,0,5,2,Human,SI-TT-G6,GCGGGTAA,GCGGGTAACTTTCGTGAC
81,G9,TurboSSS_DS302-G9,CGCCGATATC,One,240708,GEX,ZM,GL0038,None,0,5,3,Human,SI-TT-G6,GCGGGTAA,GCGGGTAACGCCGATATC
82,G10,TurboSSS_DS304-G10,TTCCGAGCCT,One,240708,GEX,ZM,GL0038,TMZ,0.00001,7,1,Human,SI-TT-G6,GCGGGTAA,GCGGGTAATTCCGAGCCT
83,G11,TurboSSS_DS311-G11,CCGTCATACC,One,240708,GEX,ZM,GL0038,TMZ,0.00001,7,2,Human,SI-TT-G6,GCGGGTAA,GCGGGTAACCGTCATACC
84,G12,TurboSSS_DS313-G12,GAGCCTCCAT,One,240708,GEX,ZM,GL0038,TMZ,0.00001,7,3,Human,SI-TT-G6,GCGGGTAA,GCGGGTAAGAGCCTCCAT
85,H1,TurboSSS_DS314-H1,TAATGCGAAA,One,240708,GEX,ZM,GL0038,None,0,2,1,Human,SI-TT-G6,GCGGGTAA,GCGGGTAATAATGCGAAA
86,H2,TurboSSS_DS322-H2,CGTAAGTGTT,One,240708,GEX,ZM,GL0038,None,0,2,2,Human,SI-TT-G6,GCGGGTAA,GCGGGTAACGTAAGTGTT
87,H3,TurboSSS_DS332-H3,GCACATCAAG,One,240708,GEX,ZM,GL0038,None,0,2,3,Human,SI-TT-G6,GCGGGTAA,GCGGGTAAGCACATCAAG
88,H4,TurboSSS_DS333-H4,GTCAGTTCTT,One,240708,GEX,ZM,GL0038,TMZ,0.00001,3,1,Human,SI-TT-G6,GCGGGTAA,GCGGGTAAGTCAGTTCTT
89,H5,TurboSSS_DS346-H5,CAATCACTGA,One,240708,GEX,ZM,GL0038,TMZ,0.00001,3,2,Human,SI-TT-G6,GCGGGTAA,GCGGGTAACAATCACTGA
90,H6,TurboSSS_DS348-H6,ATAGAACCGC,One,240708,GEX,ZM,GL0038,TMZ,0.00001,3,3,Human,SI-TT-G6,GCGGGTAA,GCGGGTAAATAGAACCGC
91,H7,TurboSSS_DS349-H7,TTATGAGCTG,One,240708,GEX,ZM,GL0038,TMZ,0.0000001,5,1,Human,SI-TT-G6,GCGGGTAA,GCGGGTAATTATGAGCTG
92,H8,TurboSSS_DS357-H8,ACGCCTATCG,One,240708,GEX,ZM,GL0038,TMZ,0.0000001,5,2,Human,SI-TT-G6,GCGGGTAA,GCGGGTAAACGCCTATCG
93,H9,TurboSSS_DS365-H9,GTCACCTGAC,One,240708,GEX,ZM,GL0038,TMZ,0.0000001,5,3,Human,SI-TT-G6,GCGGGTAA,GCGGGTAAGTCACCTGAC
94,H10,TurboSSS_DS377-H10,GCTACCTAGC,One,240708,GEX,ZM,GL0038,TMZ,0.0001,7,1,Human,SI-TT-G6,GCGGGTAA,GCGGGTAAGCTACCTAGC
95,H11,TurboSSS_DS378-H11,TTCGAGTTCG,One,240708,GEX,ZM,GL0038,TMZ,0.0001,7,2,Human,SI-TT-G6,GCGGGTAA,GCGGGTAATTCGAGTTCG
96,H12,TurboSSS_DS380-H12,CTGTCTTGTA,One,240708,GEX,ZM,GL0038,TMZ,0.0001,7,3,Human,SI-TT-G6,GCGGGTAA,GCGGGTAACTGTCTTGTA
97,A1,TurboSSS_DS8-A1,CTTGATCGCG,Two,240708,GEX,ZM,GL0157,None,0,1,1,Human,SI-TT-F9,GTCCCATC,GTCCCATCCTTGATCGCG
98,A2,TurboSSS_DS21-A2,ACAGTAGCTC,Two,240708,GEX,ZM,GL0157,None,0,1,2,Human,SI-TT-F9,GTCCCATC,GTCCCATCACAGTAGCTC
99,A3,TurboSSS_DS24-A3,GTTCTGTCGT,Two,240708,GEX,ZM,GL0157,None,0,1,3,Human,SI-TT-F9,GTCCCATC,GTCCCATCGTTCTGTCGT
100,A4,TurboSSS_DS25-A4,CGTCAATAGT,Two,240708,GEX,ZM,GL0157,TMZ,0.00001,2,1,Human,SI-TT-F9,GTCCCATC,GTCCCATCCGTCAATAGT
101,A5,TurboSSS_DS27-A5,CCGTATGTAG,Two,240708,GEX,ZM,GL0157,TMZ,0.00001,2,2,Human,SI-TT-F9,GTCCCATC,GTCCCATCCCGTATGTAG
102,A6,TurboSSS_DS28-A6,GGAAAGATAC,Two,240708,GEX,ZM,GL0157,TMZ,0.00001,2,3,Human,SI-TT-F9,GTCCCATC,GTCCCATCGGAAAGATAC
103,A7,TurboSSS_DS33-A7,GAACTACGAA,Two,240708,GEX,ZM,GL0038,TMZ,0.0000001,4,1,Human,SI-TT-F9,GTCCCATC,GTCCCATCGAACTACGAA
104,A8,TurboSSS_DS36-A8,GGAAACTCCA,Two,240708,GEX,ZM,GL0038,TMZ,0.0000001,4,2,Human,SI-TT-F9,GTCCCATC,GTCCCATCGGAAACTCCA
105,A9,TurboSSS_DS37-A9,GGATAGTGAG,Two,240708,GEX,ZM,GL0038,TMZ,0.0000001,4,3,Human,SI-TT-F9,GTCCCATC,GTCCCATCGGATAGTGAG
106,A10,TurboSSS_DS40-A10,AGACGCATCG,Two,240708,GEX,ZM,GL0157,TMZ,0.0001,5,1,Human,SI-TT-F9,GTCCCATC,GTCCCATCAGACGCATCG
107,A11,TurboSSS_DS41-A11,TGATTTCGTG,Two,240708,GEX,ZM,GL0157,TMZ,0.0001,5,2,Human,SI-TT-F9,GTCCCATC,GTCCCATCTGATTTCGTG
108,A12,TurboSSS_DS44-A12,TTAAGTGACG,Two,240708,GEX,ZM,GL0157,TMZ,0.0001,5,3,Human,SI-TT-F9,GTCCCATC,GTCCCATCTTAAGTGACG
109,B1,TurboSSS_DS51-B1,GACGATAGAG,Two,240708,GEX,ZM,GL0157,TMZ,0.0000001,1,1,Human,SI-TT-F9,GTCCCATC,GTCCCATCGACGATAGAG
110,B2,TurboSSS_DS54-B2,TTTGTTGTGA,Two,240708,GEX,ZM,GL0157,TMZ,0.0000001,1,2,Human,SI-TT-F9,GTCCCATC,GTCCCATCTTTGTTGTGA
111,B3,TurboSSS_DS58-B3,AGTGACAGCG,Two,240708,GEX,ZM,GL0157,TMZ,0.0000001,1,3,Human,SI-TT-F9,GTCCCATC,GTCCCATCAGTGACAGCG
112,B4,TurboSSS_DS59-B4,GGACGAATTA,Two,240708,GEX,ZM,GL0157,TMZ,0.0001,2,1,Human,SI-TT-F9,GTCCCATC,GTCCCATCGGACGAATTA
113,B5,TurboSSS_DS65-B5,GAGCATATTC,Two,240708,GEX,ZM,GL0157,TMZ,0.0001,2,2,Human,SI-TT-F9,GTCCCATC,GTCCCATCGAGCATATTC
114,B6,TurboSSS_DS69-B6,GGAGTGACTT,Two,240708,GEX,ZM,GL0157,TMZ,0.0001,2,3,Human,SI-TT-F9,GTCCCATC,GTCCCATCGGAGTGACTT
115,B7,TurboSSS_DS70-B7,GACCAGCTAT,Two,240708,GEX,ZM,GL0038,TMZ,0.000001,4,1,Human,SI-TT-F9,GTCCCATC,GTCCCATCGACCAGCTAT
116,B8,TurboSSS_DS74-B8,TTCATGCGAT,Two,240708,GEX,ZM,GL0038,TMZ,0.000001,4,2,Human,SI-TT-F9,GTCCCATC,GTCCCATCTTCATGCGAT
117,B9,TurboSSS_DS75-B9,CACACTAGCG,Two,240708,GEX,ZM,GL0038,TMZ,0.000001,4,3,Human,SI-TT-F9,GTCCCATC,GTCCCATCCACACTAGCG
118,B10,TurboSSS_DS76-B10,ACACCCGTCA,Two,240708,GEX,ZM,GL0157,None,0,7,1,Human,SI-TT-F9,GTCCCATC,GTCCCATCACACCCGTCA
119,B11,TurboSSS_DS81-B11,TGTGTGTGTC,Two,240708,GEX,ZM,GL0157,None,0,7,2,Human,SI-TT-F9,GTCCCATC,GTCCCATCTGTGTGTGTC
120,B12,TurboSSS_DS82-B12,GGGATCATTG,Two,240708,GEX,ZM,GL0157,None,0,7,3,Human,SI-TT-F9,GTCCCATC,GTCCCATCGGGATCATTG
121,C1,TurboSSS_DS83-C1,ATCAAGAACG,Two,240708,GEX,ZM,GL0157,TMZ,0.000001,1,1,Human,SI-TT-F9,GTCCCATC,GTCCCATCATCAAGAACG
122,C2,TurboSSS_DS84-C2,TGAGCTTAGT,Two,240708,GEX,ZM,GL0157,TMZ,0.000001,1,2,Human,SI-TT-F9,GTCCCATC,GTCCCATCTGAGCTTAGT
123,C3,TurboSSS_DS85-C3,CCAAGACGTG,Two,240708,GEX,ZM,GL0157,TMZ,0.000001,1,3,Human,SI-TT-F9,GTCCCATC,GTCCCATCCCAAGACGTG
124,C4,TurboSSS_DS87-C4,GAGCCTTTGA,Two,240708,GEX,ZM,GL0157,None,0,3,1,Human,SI-TT-F9,GTCCCATC,GTCCCATCGAGCCTTTGA
125,C5,TurboSSS_DS88-C5,ATCGCGTTGT,Two,240708,GEX,ZM,GL0157,None,0,3,2,Human,SI-TT-F9,GTCCCATC,GTCCCATCATCGCGTTGT
126,C6,TurboSSS_DS94-C6,GATGACACGA,Two,240708,GEX,ZM,GL0157,None,0,3,3,Human,SI-TT-F9,GTCCCATC,GTCCCATCGATGACACGA
127,C7,TurboSSS_DS97-C7,AACGAGCCTG,Two,240708,GEX,ZM,GL0038,TMZ,0.00001,4,1,Human,SI-TT-F9,GTCCCATC,GTCCCATCAACGAGCCTG
128,C8,TurboSSS_DS98-C8,CTACATGTCG,Two,240708,GEX,ZM,GL0038,TMZ,0.00001,4,2,Human,SI-TT-F9,GTCCCATC,GTCCCATCCTACATGTCG
129,C9,TurboSSS_DS107-C9,GAAGTTCCGT,Two,240708,GEX,ZM,GL0038,TMZ,0.00001,4,3,Human,SI-TT-F9,GTCCCATC,GTCCCATCGAAGTTCCGT
130,C10,TurboSSS_DS108-C10,TAGAGATCCG,Two,240708,GEX,ZM,GL0157,TMZ,0.0000001,7,1,Human,SI-TT-F9,GTCCCATC,GTCCCATCTAGAGATCCG
131,C11,TurboSSS_DS109-C11,AGTTCCGTGA,Two,240708,GEX,ZM,GL0157,TMZ,0.0000001,7,2,Human,SI-TT-F9,GTCCCATC,GTCCCATCAGTTCCGTGA
132,C12,TurboSSS_DS131-C12,CTCGTCTCTC,Two,240708,GEX,ZM,GL0157,TMZ,0.0000001,7,3,Human,SI-TT-F9,GTCCCATC,GTCCCATCCTCGTCTCTC
133,D1,TurboSSS_DS137-D1,TAGCTCGTTG,Two,240708,GEX,ZM,GL0157,TMZ,0.00001,1,1,Human,SI-TT-F9,GTCCCATC,GTCCCATCTAGCTCGTTG
134,D2,TurboSSS_DS138-D2,AGCACGTTTA,Two,240708,GEX,ZM,GL0157,TMZ,0.00001,1,2,Human,SI-TT-F9,GTCCCATC,GTCCCATCAGCACGTTTA
135,D3,TurboSSS_DS139-D3,TTTCGACGTA,Two,240708,GEX,ZM,GL0157,TMZ,0.00001,1,3,Human,SI-TT-F9,GTCCCATC,GTCCCATCTTTCGACGTA
136,D4,TurboSSS_DS140-D4,TGCACAGAGA,Two,240708,GEX,ZM,GL0157,TMZ,0.0000001,3,1,Human,SI-TT-F9,GTCCCATC,GTCCCATCTGCACAGAGA
137,D5,TurboSSS_DS143-D5,AAAGTGTGTG,Two,240708,GEX,ZM,GL0157,TMZ,0.0000001,3,2,Human,SI-TT-F9,GTCCCATC,GTCCCATCAAAGTGTGTG
138,D6,TurboSSS_DS146-D6,AGAGTGCAAA,Two,240708,GEX,ZM,GL0157,TMZ,0.0000001,3,3,Human,SI-TT-F9,GTCCCATC,GTCCCATCAGAGTGCAAA
139,D7,TurboSSS_DS150-D7,ACCGACGTAA,Two,240708,GEX,ZM,GL0038,TMZ,0.0001,4,1,Human,SI-TT-F9,GTCCCATC,GTCCCATCACCGACGTAA
140,D8,TurboSSS_DS152-D8,TAACCAGATC,Two,240708,GEX,ZM,GL0038,TMZ,0.0001,4,2,Human,SI-TT-F9,GTCCCATC,GTCCCATCTAACCAGATC
141,D9,TurboSSS_DS154-D9,ATGCAGTAGA,Two,240708,GEX,ZM,GL0038,TMZ,0.0001,4,3,Human,SI-TT-F9,GTCCCATC,GTCCCATCATGCAGTAGA
142,D10,TurboSSS_DS160-D10,CGTTGAACTG,Two,240708,GEX,ZM,GL0157,TMZ,0.000001,7,1,Human,SI-TT-F9,GTCCCATC,GTCCCATCCGTTGAACTG
143,D11,TurboSSS_DS163-D11,TACCCGAGCA,Two,240708,GEX,ZM,GL0157,TMZ,0.000001,7,2,Human,SI-TT-F9,GTCCCATC,GTCCCATCTACCCGAGCA
144,D12,TurboSSS_DS185-D12,GAGAAGAACC,Two,240708,GEX,ZM,GL0157,TMZ,0.000001,7,3,Human,SI-TT-F9,GTCCCATC,GTCCCATCGAGAAGAACC
145,E1,TurboSSS_DS187-E1,CTTAGTGTCC,Two,240708,GEX,ZM,GL0157,TMZ,0.0001,1,1,Human,SI-TT-F9,GTCCCATC,GTCCCATCCTTAGTGTCC
146,E2,TurboSSS_DS189-E2,GTTCGTACTC,Two,240708,GEX,ZM,GL0157,TMZ,0.0001,1,2,Human,SI-TT-F9,GTCCCATC,GTCCCATCGTTCGTACTC
147,E3,TurboSSS_DS192-E3,TGCTTTGCGA,Two,240708,GEX,ZM,GL0157,TMZ,0.0001,1,3,Human,SI-TT-F9,GTCCCATC,GTCCCATCTGCTTTGCGA
148,E4,TurboSSS_DS194-E4,CGTCACTCTA,Two,240708,GEX,ZM,GL0157,TMZ,0.000001,3,1,Human,SI-TT-F9,GTCCCATC,GTCCCATCCGTCACTCTA
149,E5,TurboSSS_DS196-E5,TTCTAGCAAG,Two,240708,GEX,ZM,GL0157,TMZ,0.000001,3,2,Human,SI-TT-F9,GTCCCATC,GTCCCATCTTCTAGCAAG
150,E6,TurboSSS_DS197-E6,GGCCAATCAA,Two,240708,GEX,ZM,GL0157,TMZ,0.000001,3,3,Human,SI-TT-F9,GTCCCATC,GTCCCATCGGCCAATCAA
151,E7,TurboSSS_DS207-E7,GTTTGCGTTC,Two,240708,GEX,ZM,GL0157,None,0,5,1,Human,SI-TT-F9,GTCCCATC,GTCCCATCGTTTGCGTTC
152,E8,TurboSSS_DS216-E8,CTAGCCTCGA,Two,240708,GEX,ZM,GL0157,None,0,5,2,Human,SI-TT-F9,GTCCCATC,GTCCCATCCTAGCCTCGA
153,E9,TurboSSS_DS217-E9,GAAAGCAGTG,Two,240708,GEX,ZM,GL0157,None,0,5,3,Human,SI-TT-F9,GTCCCATC,GTCCCATCGAAAGCAGTG
154,E10,TurboSSS_DS224-E10,GGACCGTTAA,Two,240708,GEX,ZM,GL0157,TMZ,0.00001,7,1,Human,SI-TT-F9,GTCCCATC,GTCCCATCGGACCGTTAA
155,E11,TurboSSS_DS227-E11,ACAAAGAGAG,Two,240708,GEX,ZM,GL0157,TMZ,0.00001,7,2,Human,SI-TT-F9,GTCCCATC,GTCCCATCACAAAGAGAG
156,E12,TurboSSS_DS236-E12,ATCAGCGCGA,Two,240708,GEX,ZM,GL0157,TMZ,0.00001,7,3,Human,SI-TT-F9,GTCCCATC,GTCCCATCATCAGCGCGA
157,F1,TurboSSS_DS239-F1,ATGTTGCACA,Two,240708,GEX,ZM,GL0157,None,0,2,1,Human,SI-TT-F9,GTCCCATC,GTCCCATCATGTTGCACA
158,F2,TurboSSS_DS243-F2,CTGAAACGAG,Two,240708,GEX,ZM,GL0157,None,0,2,2,Human,SI-TT-F9,GTCCCATC,GTCCCATCCTGAAACGAG
159,F3,TurboSSS_DS246-F3,AAAGACTTCG,Two,240708,GEX,ZM,GL0157,None,0,2,3,Human,SI-TT-F9,GTCCCATC,GTCCCATCAAAGACTTCG
160,F4,TurboSSS_DS247-F4,ACGTTTGATG,Two,240708,GEX,ZM,GL0157,TMZ,0.00001,3,1,Human,SI-TT-F9,GTCCCATC,GTCCCATCACGTTTGATG
161,F5,TurboSSS_DS250-F5,TGTAGTTGCG,Two,240708,GEX,ZM,GL0157,TMZ,0.00001,3,2,Human,SI-TT-F9,GTCCCATC,GTCCCATCTGTAGTTGCG
162,F6,TurboSSS_DS261-F6,GAATCCTACA,Two,240708,GEX,ZM,GL0157,TMZ,0.00001,3,3,Human,SI-TT-F9,GTCCCATC,GTCCCATCGAATCCTACA
163,F7,TurboSSS_DS262-F7,ATGTCGCGTG,Two,240708,GEX,ZM,GL0157,TMZ,0.0000001,5,1,Human,SI-TT-F9,GTCCCATC,GTCCCATCATGTCGCGTG
164,F8,TurboSSS_DS264-F8,ACATCCATGT,Two,240708,GEX,ZM,GL0157,TMZ,0.0000001,5,2,Human,SI-TT-F9,GTCCCATC,GTCCCATCACATCCATGT
165,F9,TurboSSS_DS270-F9,TTGTCAGTGT,Two,240708,GEX,ZM,GL0157,TMZ,0.0000001,5,3,Human,SI-TT-F9,GTCCCATC,GTCCCATCTTGTCAGTGT
166,F10,TurboSSS_DS271-F10,GTTAAACGTC,Two,240708,GEX,ZM,GL0157,TMZ,0.0001,7,1,Human,SI-TT-F9,GTCCCATC,GTCCCATCGTTAAACGTC
167,F11,TurboSSS_DS272-F11,GCTTCGCTTT,Two,240708,GEX,ZM,GL0157,TMZ,0.0001,7,2,Human,SI-TT-F9,GTCCCATC,GTCCCATCGCTTCGCTTT
168,F12,TurboSSS_DS273-F12,GATTGTAACC,Two,240708,GEX,ZM,GL0157,TMZ,0.0001,7,3,Human,SI-TT-F9,GTCCCATC,GTCCCATCGATTGTAACC
169,G1,TurboSSS_DS276-G1,CAATTGTTCG,Two,240708,GEX,ZM,GL0157,TMZ,0.0000001,2,1,Human,SI-TT-F9,GTCCCATC,GTCCCATCCAATTGTTCG
170,G2,TurboSSS_DS279-G2,AACGTCAGCC,Two,240708,GEX,ZM,GL0157,TMZ,0.0000001,2,2,Human,SI-TT-F9,GTCCCATC,GTCCCATCAACGTCAGCC
171,G3,TurboSSS_DS280-G3,CATGTACTTG,Two,240708,GEX,ZM,GL0157,TMZ,0.0000001,2,3,Human,SI-TT-F9,GTCCCATC,GTCCCATCCATGTACTTG
172,G4,TurboSSS_DS288-G4,CCTCTGAGCA,Two,240708,GEX,ZM,GL0157,TMZ,0.0001,3,1,Human,SI-TT-F9,GTCCCATC,GTCCCATCCCTCTGAGCA
173,G5,TurboSSS_DS290-G5,GCCAACAGAA,Two,240708,GEX,ZM,GL0157,TMZ,0.0001,3,2,Human,SI-TT-F9,GTCCCATC,GTCCCATCGCCAACAGAA
174,G6,TurboSSS_DS291-G6,TGACCACAAG,Two,240708,GEX,ZM,GL0157,TMZ,0.0001,3,3,Human,SI-TT-F9,GTCCCATC,GTCCCATCTGACCACAAG
175,G7,TurboSSS_DS292-G7,AAGATTTGCC,Two,240708,GEX,ZM,GL0157,TMZ,0.000001,5,1,Human,SI-TT-F9,GTCCCATC,GTCCCATCAAGATTTGCC
176,G8,TurboSSS_DS293-G8,CTTTCGTGAC,Two,240708,GEX,ZM,GL0157,TMZ,0.000001,5,2,Human,SI-TT-F9,GTCCCATC,GTCCCATCCTTTCGTGAC
177,G9,TurboSSS_DS302-G9,CGCCGATATC,Two,240708,GEX,ZM,GL0157,TMZ,0.000001,5,3,Human,SI-TT-F9,GTCCCATC,GTCCCATCCGCCGATATC
178,G10,TurboSSS_DS304-G10,TTCCGAGCCT,Two,240708,GEX,DB,HEK293T,None,0,0,1,Human,SI-TT-F9,GTCCCATC,GTCCCATCTTCCGAGCCT
179,G11,TurboSSS_DS311-G11,CCGTCATACC,Two,240708,GEX,DB,HEK293T,None,0,0,2,Human,SI-TT-F9,GTCCCATC,GTCCCATCCCGTCATACC
180,G12,TurboSSS_DS313-G12,GAGCCTCCAT,Two,240708,GEX,DB,HEK293T,None,0,0,3,Human,SI-TT-F9,GTCCCATC,GTCCCATCGAGCCTCCAT
181,H1,TurboSSS_DS314-H1,TAATGCGAAA,Two,240708,GEX,ZM,GL0157,TMZ,0.000001,2,1,Human,SI-TT-F9,GTCCCATC,GTCCCATCTAATGCGAAA
182,H2,TurboSSS_DS322-H2,CGTAAGTGTT,Two,240708,GEX,ZM,GL0157,TMZ,0.000001,2,2,Human,SI-TT-F9,GTCCCATC,GTCCCATCCGTAAGTGTT
183,H3,TurboSSS_DS332-H3,GCACATCAAG,Two,240708,GEX,ZM,GL0157,TMZ,0.000001,2,3,Human,SI-TT-F9,GTCCCATC,GTCCCATCGCACATCAAG
184,H4,TurboSSS_DS333-H4,GTCAGTTCTT,Two,240708,GEX,ZM,GL0038,None,0,4,1,Human,SI-TT-F9,GTCCCATC,GTCCCATCGTCAGTTCTT
185,H5,TurboSSS_DS346-H5,CAATCACTGA,Two,240708,GEX,ZM,GL0038,None,0,4,2,Human,SI-TT-F9,GTCCCATC,GTCCCATCCAATCACTGA
186,H6,TurboSSS_DS348-H6,ATAGAACCGC,Two,240708,GEX,ZM,GL0038,None,0,4,3,Human,SI-TT-F9,GTCCCATC,GTCCCATCATAGAACCGC
187,H7,TurboSSS_DS349-H7,TTATGAGCTG,Two,240708,GEX,ZM,GL0157,TMZ,0.00001,5,1,Human,SI-TT-F9,GTCCCATC,GTCCCATCTTATGAGCTG
188,H8,TurboSSS_DS357-H8,ACGCCTATCG,Two,240708,GEX,ZM,GL0157,TMZ,0.00001,5,2,Human,SI-TT-F9,GTCCCATC,GTCCCATCACGCCTATCG
189,H9,TurboSSS_DS365-H9,GTCACCTGAC,Two,240708,GEX,ZM,GL0157,TMZ,0.00001,5,3,Human,SI-TT-F9,GTCCCATC,GTCCCATCGTCACCTGAC
190,H10,TurboSSS_DS377-H10,GCTACCTAGC,Two,240708,GEX,DB,NIH3T3,None,0,0,1,Mouse,SI-TT-F9,GTCCCATC,GTCCCATCGCTACCTAGC
191,H11,TurboSSS_DS378-H11,TTCGAGTTCG,Two,240708,GEX,DB,NIH3T3,None,0,0,2,Mouse,SI-TT-F9,GTCCCATC,GTCCCATCTTCGAGTTCG
192,H12,TurboSSS_DS380-H12,CTGTCTTGTA,Two,240708,GEX,DB,NIH3T3,None,0,0,3,Mouse,SI-TT-F9,GTCCCATC,GTCCCATCCTGTCTTGTA